{"cameraMode":{"drawMode":0,"name":"Shaded","section":"Shading Mode"},"sceneLighting":false,"audioPlay":false,"sceneViewState":{"showFog":false,"showMaterialUpdate":false,"showSkybox":false,"showFlares":false,"showImageEffects":false,"showParticleSystems":false},"in2DMode":false,"pivot":{"x":6.604585647583008,"y":0.32000207901000979,"z":6.351433753967285},"rotation":{"x":-0.08622438460588455,"y":0.9012582302093506,"z":-0.21084268391132356,"w":-0.3685707151889801},"size":25.53560447692871,"orthographic":false}